Song,Year,Popularity,URL
#Beautiful (Remix),2013,6,http://www.metrolyrics.com/beautiful-remix-lyrics-mariah-carey.html
100%,2009,32,http://www.metrolyrics.com/100-lyrics-mariah-carey.html
4real4real,2008,6,http://www.metrolyrics.com/4real4real-lyrics-mariah-carey.html
8th Grade,2018,6,http://www.metrolyrics.com/8th-grade-lyrics-mariah-carey.html
A Girl Can Dream,2009,6,http://www.metrolyrics.com/a-girl-can-dream-lyrics-mariah-carey.html
A Natural Woman,2006,6,http://www.metrolyrics.com/a-natural-woman-lyrics-mariah-carey.html
A No No,2018,6,http://www.metrolyrics.com/a-no-no-lyrics-mariah-carey.html
A No No (Remix),2019,6,http://www.metrolyrics.com/a-no-no-remix-lyrics-mariah-carey.html
After Tonight,2006,19,http://www.metrolyrics.com/after-tonight-lyrics-mariah-carey.html
Against All Odds,2006,52,http://www.metrolyrics.com/against-all-odds-lyrics-mariah-carey.html
Against All Odds (take A Look At Me Now),2006,9,http://www.metrolyrics.com/against-all-odds-take-a-look-at-me-now-lyrics-mariah-carey.html
All Alone In Love,2006,6,http://www.metrolyrics.com/all-alone-in-love-lyrics-mariah-carey.html
All I Want For Christmas,2009,30,http://www.metrolyrics.com/all-i-want-for-christmas-lyrics-mariah-carey.html
All I Want For Christmas Is You,2010,71,http://www.metrolyrics.com/all-i-want-for-christmas-is-you-lyrics-mariah-carey.html
All I Want for Christmas Is You (Extra Festive),2016,15,http://www.metrolyrics.com/all-i-want-for-christmas-is-you-extra-festive-lyrics-mariah-carey.html
All I Want For Christmas Is You (Mariah's New Dance Mix Edit),2014,6,http://www.metrolyrics.com/all-i-want-for-christmas-is-you-mariahs-new-dance-lyrics-mariah-carey.html
All I Want For Christmas Is You [So So Def Remix],2015,19,http://www.metrolyrics.com/all-i-want-for-christmas-is-you-so-so-def-remix-lyrics-mariah-carey.html
All I Want Forr Christmas is You,2006,6,http://www.metrolyrics.com/all-i-want-forr-christmas-is-you-lyrics-mariah-carey.html
All I've Ever Wanted,2006,9,http://www.metrolyrics.com/all-ive-ever-wanted-lyrics-mariah-carey.html
All In Your Mind,2006,6,http://www.metrolyrics.com/all-in-your-mind-lyrics-mariah-carey.html
All My Life,2006,9,http://www.metrolyrics.com/all-my-life-lyrics-mariah-carey.html
All To Myself (Pepsi Ringtone),2008,6,http://www.metrolyrics.com/all-to-myself-pepsi-ringtone-lyrics-mariah-carey.html
Almost Home,2013,26,http://www.metrolyrics.com/almost-home-lyrics-mariah-carey.html
Alone in Love,2006,6,http://www.metrolyrics.com/alone-in-love-lyrics-mariah-carey.html
Always Be My Baby,2009,67,http://www.metrolyrics.com/always-be-my-baby-lyrics-mariah-carey.html
Always Be My Baby (Mr. Dupri Mix),2008,9,http://www.metrolyrics.com/always-be-my-baby-mr-dupri-mix-lyrics-mariah-carey.html
America The Beautiful,2008,6,http://www.metrolyrics.com/america-the-beautiful-lyrics-mariah-carey.html
And You Don't Remember,2006,6,http://www.metrolyrics.com/and-you-dont-remember-lyrics-mariah-carey.html
Angel,2009,6,http://www.metrolyrics.com/angel-lyrics-mariah-carey.html
Angels Cry,2009,61,http://www.metrolyrics.com/angels-cry-lyrics-mariah-carey.html
Angels Cry Remix,2010,15,http://www.metrolyrics.com/angels-cry-remix-lyrics-mariah-carey.html
Anytime You Need A Friend,2009,48,http://www.metrolyrics.com/anytime-you-need-a-friend-lyrics-mariah-carey.html
Anytime You Need A Friend (C&C Club Version),2012,6,http://www.metrolyrics.com/anytime-you-need-a-friend-cc-club-version-lyrics-mariah-carey.html
Auld Lang Syne,2010,50,http://www.metrolyrics.com/auld-lang-syne-lyrics-mariah-carey.html
Auld Lang Syne (The New Year's Anthem),2015,6,http://www.metrolyrics.com/auld-lang-syne-the-new-years-anthem-lyrics-mariah-carey.html
Auld Lang Syne (The New Year's Anthem) [Ralphi Rosario Traditional Club Mix],2017,6,http://www.metrolyrics.com/auld-lang-syne-the-new-years-anthem-ralphi-rosario-lyrics-mariah-carey.html
Baby Doll,2006,6,http://www.metrolyrics.com/baby-doll-lyrics-mariah-carey.html
Babydoll,2008,19,http://www.metrolyrics.com/babydoll-lyrics-mariah-carey.html
Beautiful,2013,31,http://www.metrolyrics.com/beautiful-lyrics-mariah-carey.html
Beautiful / Hermosa (Spanglish Version),2013,6,http://www.metrolyrics.com/beautiful-hermosa-spanglish-version-lyrics-mariah-carey.html
Beauty and Talent,2013,6,http://www.metrolyrics.com/beauty-and-talent-lyrics-mariah-carey.html
Betcha,2009,6,http://www.metrolyrics.com/betcha-lyrics-mariah-carey.html
Betcha Gon' Know,2009,19,http://www.metrolyrics.com/betcha-gon-know-lyrics-mariah-carey.html
Bliss,2012,15,http://www.metrolyrics.com/bliss-lyrics-mariah-carey.html
Boy,2006,6,http://www.metrolyrics.com/boy-lyrics-mariah-carey.html
Boy (I Need You),2006,6,http://www.metrolyrics.com/boy-i-need-you-lyrics-mariah-carey.html
Boy (I Need You) (Remix),2006,6,http://www.metrolyrics.com/boy-i-need-you-remix-lyrics-mariah-carey.html
Breakdown,2006,55,http://www.metrolyrics.com/breakdown-lyrics-mariah-carey.html
Breakdown (The Mo' Thugs Remix),2007,6,http://www.metrolyrics.com/breakdown-the-mo-thugs-remix-lyrics-mariah-carey.html
Bring It On Home,2012,6,http://www.metrolyrics.com/bring-it-on-home-lyrics-mariah-carey.html
Bringin' on The Heartbreak,2006,15,http://www.metrolyrics.com/bringin-on-the-heartbreak-lyrics-mariah-carey.html
Bringing On The Heartache,2006,6,http://www.metrolyrics.com/bringing-on-the-heartache-lyrics-mariah-carey.html
Bringing On The Heartbreak,2008,6,http://www.metrolyrics.com/bringing-on-the-heartbreak-lyrics-mariah-carey.html
Butterfly,2012,65,http://www.metrolyrics.com/butterfly-lyrics-mariah-carey.html
Bye Bye,2008,66,http://www.metrolyrics.com/bye-bye-lyrics-mariah-carey.html
Bye Bye (Remix),2008,15,http://www.metrolyrics.com/bye-bye-remix-lyrics-mariah-carey.html
Camouflage,2014,6,http://www.metrolyrics.com/camouflage-lyrics-mariah-carey.html
Can't Let Go,2009,38,http://www.metrolyrics.com/cant-let-go-lyrics-mariah-carey.html
Can't Take That Away,2006,40,http://www.metrolyrics.com/cant-take-that-away-lyrics-mariah-carey.html
Can't Take That Away (Mariah's Theme),2012,6,http://www.metrolyrics.com/cant-take-that-away-mariahs-theme-lyrics-mariah-carey.html
Can't Take That Away From Me (mariah's Theme),2006,26,http://www.metrolyrics.com/cant-take-that-away-from-me-mariahs-theme-lyrics-mariah-carey.html
Can't Take That Way,2006,31,http://www.metrolyrics.com/cant-take-that-way-lyrics-mariah-carey.html
Candy Bling,2009,9,http://www.metrolyrics.com/candy-bling-lyrics-mariah-carey.html
Cant Live Without You,2012,6,http://www.metrolyrics.com/cant-live-without-you-lyrics-mariah-carey.html
Career Resurgence,2013,6,http://www.metrolyrics.com/career-resurgence-lyrics-mariah-carey.html
Caution,2018,6,http://www.metrolyrics.com/caution-lyrics-mariah-carey.html
Charlie Brown Christmas,2010,6,http://www.metrolyrics.com/charlie-brown-christmas-lyrics-mariah-carey.html
Christmas,2006,15,http://www.metrolyrics.com/christmas-lyrics-mariah-carey.html
Christmas (baby Please Come Home),2006,28,http://www.metrolyrics.com/christmas-baby-please-come-home-lyrics-mariah-carey.html
Christmas Time Is In The Air Again,2010,6,http://www.metrolyrics.com/christmas-time-is-in-the-air-again-lyrics-mariah-carey.html
Circles,2005,38,http://www.metrolyrics.com/circles-lyrics-mariah-carey.html
Close My Eyes,2012,19,http://www.metrolyrics.com/close-my-eyes-lyrics-mariah-carey.html
Close to Me,2006,9,http://www.metrolyrics.com/close-to-me-lyrics-mariah-carey.html
Clown,2006,9,http://www.metrolyrics.com/clown-lyrics-mariah-carey.html
Cruise Control,2008,22,http://www.metrolyrics.com/cruise-control-lyrics-mariah-carey.html
Cry,2014,6,http://www.metrolyrics.com/cry-lyrics-mariah-carey.html
Cry Angel's,2009,6,http://www.metrolyrics.com/cry-angels-lyrics-mariah-carey.html
Crybaby,2006,6,http://www.metrolyrics.com/crybaby-lyrics-mariah-carey.html
Dance Floor Anthem - Tony Moran & Warren Rigg,2006,6,http://www.metrolyrics.com/dance-floor-anthem-tony-moran-warren-rigg-lyrics-mariah-carey.html
Daydream,2006,19,http://www.metrolyrics.com/daydream-lyrics-mariah-carey.html
Daydream Interlude,2006,6,http://www.metrolyrics.com/daydream-interlude-lyrics-mariah-carey.html
Dedicated,2014,9,http://www.metrolyrics.com/dedicated-lyrics-mariah-carey.html
Did I Do That?,2006,6,http://www.metrolyrics.com/did-i-do-that-lyrics-mariah-carey.html
Didn't Mean to Turn You On,2006,6,http://www.metrolyrics.com/didnt-mean-to-turn-you-on-lyrics-mariah-carey.html
Do You Know Where You're Going To?,2013,6,http://www.metrolyrics.com/do-you-know-where-youre-going-to-lyrics-mariah-carey.html
Do You Think Of Me,2006,38,http://www.metrolyrics.com/do-you-think-of-me-lyrics-mariah-carey.html
Don Machiavelli,2010,6,http://www.metrolyrics.com/don-machiavelli-lyrics-mariah-carey.html
Don't Forget About Us,2006,24,http://www.metrolyrics.com/dont-forget-about-us-lyrics-mariah-carey.html
Don't Forget About Us (remix),2006,6,http://www.metrolyrics.com/dont-forget-about-us-remix-lyrics-mariah-carey.html
Don't Forget About Us [album Version],2006,6,http://www.metrolyrics.com/dont-forget-about-us-album-version-lyrics-mariah-carey.html
Don't Forget About Us [Quentin Shelter Anthem Mix],2006,6,http://www.metrolyrics.com/dont-forget-about-us-quentin-shelter-anthem-mix-lyrics-mariah-carey.html
Don't Forget About Us [Ralphi & Craig Martini Vocal],2006,6,http://www.metrolyrics.com/dont-forget-about-us-ralphi-craig-martini-vocal-lyrics-mariah-carey.html
Don't Play That Song,2006,6,http://www.metrolyrics.com/dont-play-that-song-lyrics-mariah-carey.html
Don't Play That Song For Me,2006,6,http://www.metrolyrics.com/dont-play-that-song-for-me-lyrics-mariah-carey.html
Don't Stop,2006,6,http://www.metrolyrics.com/dont-stop-lyrics-mariah-carey.html
Don't Stop (funkin' 4 Jamaica),2006,6,http://www.metrolyrics.com/dont-stop-funkin-4-jamaica-lyrics-mariah-carey.html
Dreamlover,2009,38,http://www.metrolyrics.com/dreamlover-lyrics-mariah-carey.html
El Amor Que Sone,2006,15,http://www.metrolyrics.com/el-amor-que-sone-lyrics-mariah-carey.html
Emotions,2006,59,http://www.metrolyrics.com/emotions-lyrics-mariah-carey.html
"EMOTIONS (12"" Club Mix)",2012,6,http://www.metrolyrics.com/emotions-12-club-mix-lyrics-mariah-carey.html
Endless Love,2009,41,http://www.metrolyrics.com/endless-love-lyrics-mariah-carey.html
Everthing Fades Away,2006,6,http://www.metrolyrics.com/everthing-fades-away-lyrics-mariah-carey.html
Everything Fades Away,2007,19,http://www.metrolyrics.com/everything-fades-away-lyrics-mariah-carey.html
Everytime,2017,6,http://www.metrolyrics.com/everytime-lyrics-mariah-carey.html
Ex - Girlfriend,2006,6,http://www.metrolyrics.com/ex-girlfriend-lyrics-mariah-carey.html
Faded,2014,6,http://www.metrolyrics.com/faded-lyrics-mariah-carey.html
Fantasy,2012,61,http://www.metrolyrics.com/fantasy-lyrics-mariah-carey.html
Fantasy (Bad Boy Fantasy version),2015,6,http://www.metrolyrics.com/fantasy-bad-boy-fantasy-version-lyrics-mariah-carey.html
Fantasy Remix,2007,9,http://www.metrolyrics.com/fantasy-remix-lyrics-mariah-carey.html
Feeling It,2007,6,http://www.metrolyrics.com/feeling-it-lyrics-mariah-carey.html
Fly Away,2006,19,http://www.metrolyrics.com/fly-away-lyrics-mariah-carey.html
Fly Like A Bird,2005,57,http://www.metrolyrics.com/fly-like-a-bird-lyrics-mariah-carey.html
"For Real, For Real",2008,6,http://www.metrolyrics.com/for-real-for-real-lyrics-mariah-carey.html
For The Record,2008,9,http://www.metrolyrics.com/for-the-record-lyrics-mariah-carey.html
Forever,2006,36,http://www.metrolyrics.com/forever-lyrics-mariah-carey.html
Fourth Of July,2006,32,http://www.metrolyrics.com/fourth-of-july-lyrics-mariah-carey.html
Get Your Number,2005,9,http://www.metrolyrics.com/get-your-number-lyrics-mariah-carey.html
Giving Me Life,2018,6,http://www.metrolyrics.com/giving-me-life-lyrics-mariah-carey.html
God Rest Ye Merry Gentlemen,2006,6,http://www.metrolyrics.com/god-rest-ye-merry-gentlemen-lyrics-mariah-carey.html
Golden Debut,2013,6,http://www.metrolyrics.com/golden-debut-lyrics-mariah-carey.html
Ground Breaker,2013,6,http://www.metrolyrics.com/ground-breaker-lyrics-mariah-carey.html
GTFO,2018,6,http://www.metrolyrics.com/gtfo-lyrics-mariah-carey.html
H.A.T.E.U,2009,19,http://www.metrolyrics.com/hateu-lyrics-mariah-carey.html
Hark! The Herald Angels Sing,2006,6,http://www.metrolyrics.com/hark-the-herald-angels-sing-lyrics-mariah-carey.html
Hark! The Herald Angels Sing/Gloria (In Excelsis Deo),2008,6,http://www.metrolyrics.com/hark-the-herald-angels-singgloria-in-excelsis-deo-lyrics-mariah-carey.html
Hark! The Herald Angles Sing/Gloria (in Excelsis Deo),2007,6,http://www.metrolyrics.com/hark-the-herald-angles-singgloria-in-excelsis-deo-lyrics-mariah-carey.html
Hate You,2009,41,http://www.metrolyrics.com/hate-you-lyrics-mariah-carey.html
Heart,2013,15,http://www.metrolyrics.com/heart-lyrics-mariah-carey.html
HeartBreaker,2012,47,http://www.metrolyrics.com/heartbreaker-lyrics-mariah-carey.html
HeartBreaker (Junior's Club Remix),2006,6,http://www.metrolyrics.com/heartbreaker-juniors-club-remix-lyrics-mariah-carey.html
HeartBreaker (remix),2007,9,http://www.metrolyrics.com/heartbreaker-remix-lyrics-mariah-carey.html
Heat,2008,6,http://www.metrolyrics.com/heat-lyrics-mariah-carey.html
Heavenly,2014,6,http://www.metrolyrics.com/heavenly-lyrics-mariah-carey.html
Heavenly (No Ways Tired/Can't Give Up Now),2014,6,http://www.metrolyrics.com/heavenly-no-ways-tiredcant-give-up-now-lyrics-mariah-carey.html
Heavenly (No Ways Tired/Canu2019t Give Up Now),2014,6,http://www.metrolyrics.com/heavenly-no-ways-tiredcanu2019t-give-up-now-lyrics-mariah-carey.html
Help Me Make It Through The Night,2010,6,http://www.metrolyrics.com/help-me-make-it-through-the-night-lyrics-mariah-carey.html
Here Comes Santa Claus,2010,6,http://www.metrolyrics.com/here-comes-santa-claus-lyrics-mariah-carey.html
Hermosa,2013,41,http://www.metrolyrics.com/hermosa-lyrics-mariah-carey.html
Hero,2009,78,http://www.metrolyrics.com/hero-lyrics-mariah-carey.html
Heroe,2007,6,http://www.metrolyrics.com/heroe-lyrics-mariah-carey.html
Honey,2012,51,http://www.metrolyrics.com/honey-lyrics-mariah-carey.html
Honey (bad Boy Remix),2006,30,http://www.metrolyrics.com/honey-bad-boy-remix-lyrics-mariah-carey.html
Honey (remix),2006,6,http://www.metrolyrics.com/honey-remix-lyrics-mariah-carey.html
Honey (So So Def Mix),2008,6,http://www.metrolyrics.com/honey-so-so-def-mix-lyrics-mariah-carey.html
How Much,2009,6,http://www.metrolyrics.com/how-much-lyrics-mariah-carey.html
How Much I Love You,2007,57,http://www.metrolyrics.com/how-much-i-love-you-lyrics-mariah-carey.html
Hurry Up And Save Me,2009,6,http://www.metrolyrics.com/hurry-up-and-save-me-lyrics-mariah-carey.html
I Am Free,2006,6,http://www.metrolyrics.com/i-am-free-lyrics-mariah-carey.html
I Didn't Mean To Turn You On,2006,6,http://www.metrolyrics.com/i-didnt-mean-to-turn-you-on-lyrics-mariah-carey.html
I Don't,2017,6,http://www.metrolyrics.com/i-dont-lyrics-mariah-carey.html
I Don't (Remix),2017,6,http://www.metrolyrics.com/i-dont-remix-lyrics-mariah-carey.html
I Don't Wanna Cry,2012,38,http://www.metrolyrics.com/i-dont-wanna-cry-lyrics-mariah-carey.html
I Don't Want To Cry,2008,6,http://www.metrolyrics.com/i-dont-want-to-cry-lyrics-mariah-carey.html
I Feel It,2007,19,http://www.metrolyrics.com/i-feel-it-lyrics-mariah-carey.html
I Know What You Want,2007,22,http://www.metrolyrics.com/i-know-what-you-want-lyrics-mariah-carey.html
I Only Wanted,2006,9,http://www.metrolyrics.com/i-only-wanted-lyrics-mariah-carey.html
I Remember,2009,9,http://www.metrolyrics.com/i-remember-lyrics-mariah-carey.html
I Stay In Love,2008,48,http://www.metrolyrics.com/i-stay-in-love-lyrics-mariah-carey.html
I Still Believe,2009,54,http://www.metrolyrics.com/i-still-believe-lyrics-mariah-carey.html
I Still Believe (damizza Remix),2006,6,http://www.metrolyrics.com/i-still-believe-damizza-remix-lyrics-mariah-carey.html
I Still Believe (stevie J Remix ),2006,6,http://www.metrolyrics.com/i-still-believe-stevie-j-remix-lyrics-mariah-carey.html
I Sttill Believe,2006,6,http://www.metrolyrics.com/i-sttill-believe-lyrics-mariah-carey.html
I Want to Know What Love Is,2009,45,http://www.metrolyrics.com/i-want-to-know-what-love-is-lyrics-mariah-carey.html
I Wish You Knew,2005,38,http://www.metrolyrics.com/i-wish-you-knew-lyrics-mariah-carey.html
I Wish You Well,2008,30,http://www.metrolyrics.com/i-wish-you-well-lyrics-mariah-carey.html
I'll Be Lovin' U Long Time,2008,6,http://www.metrolyrics.com/ill-be-lovin-u-long-time-lyrics-mariah-carey.html
I'll Be There,2009,66,http://www.metrolyrics.com/ill-be-there-lyrics-mariah-carey.html
I'm That Chick,2008,9,http://www.metrolyrics.com/im-that-chick-lyrics-mariah-carey.html
I've Been Thinking About You,2006,6,http://www.metrolyrics.com/ive-been-thinking-about-you-lyrics-mariah-carey.html
I've Got A Right To Dream,2007,6,http://www.metrolyrics.com/ive-got-a-right-to-dream-lyrics-mariah-carey.html
If It's Over,2006,28,http://www.metrolyrics.com/if-its-over-lyrics-mariah-carey.html
If U Only Knew How I Feel About U (find A New Man),2008,6,http://www.metrolyrics.com/if-u-only-knew-how-i-feel-about-u-find-a-new-man-lyrics-mariah-carey.html
If We,2006,6,http://www.metrolyrics.com/if-we-lyrics-mariah-carey.html
Imperfect,2010,24,http://www.metrolyrics.com/imperfect-lyrics-mariah-carey.html
Impossible,2009,6,http://www.metrolyrics.com/impossible-lyrics-mariah-carey.html
Infamous,2016,6,http://www.metrolyrics.com/infamous-lyrics-mariah-carey.html
Infinity,2015,22,http://www.metrolyrics.com/infinity-lyrics-mariah-carey.html
Inseparable,2009,6,http://www.metrolyrics.com/inseparable-lyrics-mariah-carey.html
Inseparable (Remix),2010,9,http://www.metrolyrics.com/inseparable-remix-lyrics-mariah-carey.html
Irresistible,2006,9,http://www.metrolyrics.com/irresistible-lyrics-mariah-carey.html
It's a Wrap,2009,9,http://www.metrolyrics.com/its-a-wrap-lyrics-mariah-carey.html
It's Like That,2005,45,http://www.metrolyrics.com/its-like-that-lyrics-mariah-carey.html
Its Time To Go,2009,28,http://www.metrolyrics.com/its-time-to-go-lyrics-mariah-carey.html
Jesus Born On This Day,2006,6,http://www.metrolyrics.com/jesus-born-on-this-day-lyrics-mariah-carey.html
Jesus Was Born On This Day,2006,6,http://www.metrolyrics.com/jesus-was-born-on-this-day-lyrics-mariah-carey.html
"Jesus, Oh What A Wonderful Child",2006,6,http://www.metrolyrics.com/jesus-oh-what-a-wonderful-child-lyrics-mariah-carey.html
Joy Ride,2005,34,http://www.metrolyrics.com/joy-ride-lyrics-mariah-carey.html
Joy To The World,2006,6,http://www.metrolyrics.com/joy-to-the-world-lyrics-mariah-carey.html
Joy to the World [Celebration Mix Edit],2015,6,http://www.metrolyrics.com/joy-to-the-world-celebration-mix-edit-lyrics-mariah-carey.html
Just Be Good To Me,2006,6,http://www.metrolyrics.com/just-be-good-to-me-lyrics-mariah-carey.html
Just To Hold You Once Again,2006,15,http://www.metrolyrics.com/just-to-hold-you-once-again-lyrics-mariah-carey.html
Languishing,2009,9,http://www.metrolyrics.com/languishing-lyrics-mariah-carey.html
Last Kiss,2008,9,http://www.metrolyrics.com/last-kiss-lyrics-mariah-carey.html
Last Night A Dj Saved My Life,2006,9,http://www.metrolyrics.com/last-night-a-dj-saved-my-life-lyrics-mariah-carey.html
Lead The Way,2006,9,http://www.metrolyrics.com/lead-the-way-lyrics-mariah-carey.html
Little Drummer Boy,2010,6,http://www.metrolyrics.com/little-drummer-boy-lyrics-mariah-carey.html
Long Ago,2006,9,http://www.metrolyrics.com/long-ago-lyrics-mariah-carey.html
Looking In,2006,9,http://www.metrolyrics.com/looking-in-lyrics-mariah-carey.html
Love Story,2008,22,http://www.metrolyrics.com/love-story-lyrics-mariah-carey.html
Love Takes Time,2009,43,http://www.metrolyrics.com/love-takes-time-lyrics-mariah-carey.html
Love You Long Time,2008,6,http://www.metrolyrics.com/love-you-long-time-lyrics-mariah-carey.html
Loverboy,2006,19,http://www.metrolyrics.com/loverboy-lyrics-mariah-carey.html
Loverboy (MJ Cole Remix),2007,6,http://www.metrolyrics.com/loverboy-mj-cole-remix-lyrics-mariah-carey.html
Loverboy (mj Cole Remix) (japan Bonustrack),2008,6,http://www.metrolyrics.com/loverboy-mj-cole-remix-japan-bonustrack-lyrics-mariah-carey.html
Loverboy (remix),2006,9,http://www.metrolyrics.com/loverboy-remix-lyrics-mariah-carey.html
Loving You Long Time,2008,6,http://www.metrolyrics.com/loving-you-long-time-lyrics-mariah-carey.html
Lullaby,2006,6,http://www.metrolyrics.com/lullaby-lyrics-mariah-carey.html
Lullaby of Birdland,2013,6,http://www.metrolyrics.com/lullaby-of-birdland-lyrics-mariah-carey.html
Make It Happen,2012,32,http://www.metrolyrics.com/make-it-happen-lyrics-mariah-carey.html
Make It Look Good,2014,6,http://www.metrolyrics.com/make-it-look-good-lyrics-mariah-carey.html
Make It Through The Rain,2007,9,http://www.metrolyrics.com/make-it-through-the-rain-lyrics-mariah-carey.html
Makin' It Last All Night,2007,6,http://www.metrolyrics.com/makin-it-last-all-night-lyrics-mariah-carey.html
Makin' Last All Night (What It Do),2007,6,http://www.metrolyrics.com/makin-last-all-night-what-it-do-lyrics-mariah-carey.html
Me. I Am Mariah... The Elusive Chanteuse,2014,6,http://www.metrolyrics.com/me-i-am-mariah-the-elusive-chanteuse-lyrics-mariah-carey.html
Me. I Am Mariah...The Elusive Chanteuse,2014,6,http://www.metrolyrics.com/me-i-am-mariahthe-elusive-chanteuse-lyrics-mariah-carey.html
Me. I Am Mariahu2026 The Elusive Chanteuse,2014,6,http://www.metrolyrics.com/me-i-am-mariahu2026-the-elusive-chanteuse-lyrics-mariah-carey.html
Melt Away,2006,19,http://www.metrolyrics.com/melt-away-lyrics-mariah-carey.html
Meteorite,2014,9,http://www.metrolyrics.com/meteorite-lyrics-mariah-carey.html
Mi Todo,2007,42,http://www.metrolyrics.com/mi-todo-lyrics-mariah-carey.html
Migrate,2008,6,http://www.metrolyrics.com/migrate-lyrics-mariah-carey.html
Mine Again,2005,26,http://www.metrolyrics.com/mine-again-lyrics-mariah-carey.html
Miss You,2007,15,http://www.metrolyrics.com/miss-you-lyrics-mariah-carey.html
Miss You Most (at Christmas Time),2006,6,http://www.metrolyrics.com/miss-you-most-at-christmas-time-lyrics-mariah-carey.html
Misty Moon,2008,6,http://www.metrolyrics.com/misty-moon-lyrics-mariah-carey.html
Money ($ * / ...),2014,6,http://www.metrolyrics.com/money-lyrics-mariah-carey.html
Money ($ * / u2026),2014,6,http://www.metrolyrics.com/money-u2026-lyrics-mariah-carey.html
More than Just Friends,2009,6,http://www.metrolyrics.com/more-than-just-friends-lyrics-mariah-carey.html
Music Box,2006,22,http://www.metrolyrics.com/music-box-lyrics-mariah-carey.html
My All,2009,75,http://www.metrolyrics.com/my-all-lyrics-mariah-carey.html
My All/Stay Awhile (So So Def Remix),2008,15,http://www.metrolyrics.com/my-allstay-awhile-so-so-def-remix-lyrics-mariah-carey.html
My Love,2009,9,http://www.metrolyrics.com/my-love-lyrics-mariah-carey.html
My Saving Grace,2006,6,http://www.metrolyrics.com/my-saving-grace-lyrics-mariah-carey.html
Never Forget You,2006,15,http://www.metrolyrics.com/never-forget-you-lyrics-mariah-carey.html
Never Too Far,2006,34,http://www.metrolyrics.com/never-too-far-lyrics-mariah-carey.html
New Flavour,2013,6,http://www.metrolyrics.com/new-flavour-lyrics-mariah-carey.html
Now That I Know,2006,15,http://www.metrolyrics.com/now-that-i-know-lyrics-mariah-carey.html
O Come All Ye Faithful,2010,6,http://www.metrolyrics.com/o-come-all-ye-faithful-lyrics-mariah-carey.html
O Holy Night,2010,55,http://www.metrolyrics.com/o-holy-night-lyrics-mariah-carey.html
O Little Town of Bethlehem,2010,6,http://www.metrolyrics.com/o-little-town-of-bethlehem-lyrics-mariah-carey.html
O.O.C.,2008,15,http://www.metrolyrics.com/ooc-lyrics-mariah-carey.html
Obsessed,2009,64,http://www.metrolyrics.com/obsessed-lyrics-mariah-carey.html
Obsessed (Remix),2009,6,http://www.metrolyrics.com/obsessed-remix-lyrics-mariah-carey.html
Oh Santa!,2010,9,http://www.metrolyrics.com/oh-santa-lyrics-mariah-carey.html
One And Only,2005,6,http://www.metrolyrics.com/one-and-only-lyrics-mariah-carey.html
One Child,2010,9,http://www.metrolyrics.com/one-child-lyrics-mariah-carey.html
One Mo' Gen,2018,6,http://www.metrolyrics.com/one-mo-gen-lyrics-mariah-carey.html
One More Try,2014,15,http://www.metrolyrics.com/one-more-try-lyrics-mariah-carey.html
One Sweet Day,2009,66,http://www.metrolyrics.com/one-sweet-day-lyrics-mariah-carey.html
One Sweet Day (with Boyz Ii Men),2006,36,http://www.metrolyrics.com/one-sweet-day-with-boyz-ii-men-lyrics-mariah-carey.html
Open Arms,2006,24,http://www.metrolyrics.com/open-arms-lyrics-mariah-carey.html
Out Of Control,2008,6,http://www.metrolyrics.com/out-of-control-lyrics-mariah-carey.html
Outside,2006,6,http://www.metrolyrics.com/outside-lyrics-mariah-carey.html
Petals,2006,6,http://www.metrolyrics.com/petals-lyrics-mariah-carey.html
Portrait,2018,6,http://www.metrolyrics.com/portrait-lyrics-mariah-carey.html
Prisoner,2006,9,http://www.metrolyrics.com/prisoner-lyrics-mariah-carey.html
Promised Land,2013,6,http://www.metrolyrics.com/promised-land-lyrics-mariah-carey.html
Rainbow (interlude),2006,9,http://www.metrolyrics.com/rainbow-interlude-lyrics-mariah-carey.html
Reflections,2009,15,http://www.metrolyrics.com/reflections-lyrics-mariah-carey.html
Reflections (care Enough),2006,6,http://www.metrolyrics.com/reflections-care-enough-lyrics-mariah-carey.html
Ribbon,2009,15,http://www.metrolyrics.com/ribbon-lyrics-mariah-carey.html
Right To Dream,2008,6,http://www.metrolyrics.com/right-to-dream-lyrics-mariah-carey.html
Runway,2018,6,http://www.metrolyrics.com/runway-lyrics-mariah-carey.html
Santa Claus Is Comin' To Town,2006,6,http://www.metrolyrics.com/santa-claus-is-comin-to-town-lyrics-mariah-carey.html
Santa Claus is Coming to Town,2010,6,http://www.metrolyrics.com/santa-claus-is-coming-to-town-lyrics-mariah-carey.html
Save The Day,2013,6,http://www.metrolyrics.com/save-the-day-lyrics-mariah-carey.html
Say Somethin',2005,6,http://www.metrolyrics.com/say-somethin-lyrics-mariah-carey.html
Say Somethin' (So So Def Remix),2006,6,http://www.metrolyrics.com/say-somethin-so-so-def-remix-lyrics-mariah-carey.html
Say Something,2006,22,http://www.metrolyrics.com/say-something-lyrics-mariah-carey.html
Secret Love,2007,19,http://www.metrolyrics.com/secret-love-lyrics-mariah-carey.html
Sent From Up Above,2006,9,http://www.metrolyrics.com/sent-from-up-above-lyrics-mariah-carey.html
Shake It Off,2005,64,http://www.metrolyrics.com/shake-it-off-lyrics-mariah-carey.html
Shake It Off (remix),2006,15,http://www.metrolyrics.com/shake-it-off-remix-lyrics-mariah-carey.html
Side Effects,2008,26,http://www.metrolyrics.com/side-effects-lyrics-mariah-carey.html
Silent Night,2006,6,http://www.metrolyrics.com/silent-night-lyrics-mariah-carey.html
Sitting On Top,2013,6,http://www.metrolyrics.com/sitting-on-top-lyrics-mariah-carey.html
Skydiving,2009,6,http://www.metrolyrics.com/skydiving-lyrics-mariah-carey.html
Slipping Away,2006,6,http://www.metrolyrics.com/slipping-away-lyrics-mariah-carey.html
So Blessed,2006,15,http://www.metrolyrics.com/so-blessed-lyrics-mariah-carey.html
So Lonely (One And Only Part II),2007,6,http://www.metrolyrics.com/so-lonely-one-and-only-part-ii-lyrics-mariah-carey.html
So Lonely with Twista,2007,6,http://www.metrolyrics.com/so-lonely-with-twista-lyrics-mariah-carey.html
Someday,2006,26,http://www.metrolyrics.com/someday-lyrics-mariah-carey.html
Someday (MTV Unplugged version),2015,9,http://www.metrolyrics.com/someday-mtv-unplugged-version-lyrics-mariah-carey.html
Sprung,2006,6,http://www.metrolyrics.com/sprung-lyrics-mariah-carey.html
Standing O's,2009,6,http://www.metrolyrics.com/standing-os-lyrics-mariah-carey.html
Stay Long Love You,2018,6,http://www.metrolyrics.com/stay-long-love-you-lyrics-mariah-carey.html
Stay The Night,2005,9,http://www.metrolyrics.com/stay-the-night-lyrics-mariah-carey.html
Still With You,2009,6,http://www.metrolyrics.com/still-with-you-lyrics-mariah-carey.html
Subtle Invitation,2006,6,http://www.metrolyrics.com/subtle-invitation-lyrics-mariah-carey.html
Sunflowers (For Alfred Carey),2006,6,http://www.metrolyrics.com/sunflowers-for-alfred-carey-lyrics-mariah-carey.html
Supernatural,2014,9,http://www.metrolyrics.com/supernatural-lyrics-mariah-carey.html
Sweetheart,2006,22,http://www.metrolyrics.com/sweetheart-lyrics-mariah-carey.html
Sweetheart (With JD),2006,6,http://www.metrolyrics.com/sweetheart-with-jd-lyrics-mariah-carey.html
Swing It Home,2006,6,http://www.metrolyrics.com/swing-it-home-lyrics-mariah-carey.html
Thank God I Found You,2012,56,http://www.metrolyrics.com/thank-god-i-found-you-lyrics-mariah-carey.html
Thank God I Found You (remix),2006,19,http://www.metrolyrics.com/thank-god-i-found-you-remix-lyrics-mariah-carey.html
Thank God I Found You - Make It Last Remix,2009,6,http://www.metrolyrics.com/thank-god-i-found-you-make-it-last-remix-lyrics-mariah-carey.html
"Thank God I Found You ft/ Nas, Joe (remix)",2007,6,http://www.metrolyrics.com/thank-god-i-found-you-ft-nas-joe-remix-lyrics-mariah-carey.html
Thank You That I Found You,2009,6,http://www.metrolyrics.com/thank-you-that-i-found-you-lyrics-mariah-carey.html
Thanx 4 Nothin',2008,6,http://www.metrolyrics.com/thanx-4-nothin-lyrics-mariah-carey.html
That Chick,2008,6,http://www.metrolyrics.com/that-chick-lyrics-mariah-carey.html
The Art of Letting Go,2013,34,http://www.metrolyrics.com/the-art-of-letting-go-lyrics-mariah-carey.html
The Beautiful Ones,2006,22,http://www.metrolyrics.com/the-beautiful-ones-lyrics-mariah-carey.html
The Distance,2018,6,http://www.metrolyrics.com/the-distance-lyrics-mariah-carey.html
The First Noel,2010,6,http://www.metrolyrics.com/the-first-noel-lyrics-mariah-carey.html
The One,2006,6,http://www.metrolyrics.com/the-one-lyrics-mariah-carey.html
The Roof,2009,28,http://www.metrolyrics.com/the-roof-lyrics-mariah-carey.html
The Roof (Mobb Deep Extended Version),2012,6,http://www.metrolyrics.com/the-roof-mobb-deep-extended-version-lyrics-mariah-carey.html
The Roof (Mobb Deep Mix),2008,15,http://www.metrolyrics.com/the-roof-mobb-deep-mix-lyrics-mariah-carey.html
The Star,2017,6,http://www.metrolyrics.com/the-star-lyrics-mariah-carey.html
The Star Spangled Banner,2008,6,http://www.metrolyrics.com/the-star-spangled-banner-lyrics-mariah-carey.html
The Waited Too Long Blues,2008,6,http://www.metrolyrics.com/the-waited-too-long-blues-lyrics-mariah-carey.html
The Wind,2006,19,http://www.metrolyrics.com/the-wind-lyrics-mariah-carey.html
There For Me,2006,6,http://www.metrolyrics.com/there-for-me-lyrics-mariah-carey.html
There Goes My Heart,2007,9,http://www.metrolyrics.com/there-goes-my-heart-lyrics-mariah-carey.html
There's Got to Be a Way,2006,15,http://www.metrolyrics.com/theres-got-to-be-a-way-lyrics-mariah-carey.html
Thirsty,2014,9,http://www.metrolyrics.com/thirsty-lyrics-mariah-carey.html
Through The Rain,2006,54,http://www.metrolyrics.com/through-the-rain-lyrics-mariah-carey.html
Through The Rain (R&B Remix),2006,6,http://www.metrolyrics.com/through-the-rain-rb-remix-lyrics-mariah-carey.html
Through The Rain Remix,2007,9,http://www.metrolyrics.com/through-the-rain-remix-lyrics-mariah-carey.html
Till The End Of Time,2006,43,http://www.metrolyrics.com/till-the-end-of-time-lyrics-mariah-carey.html
To Be Around You,2006,6,http://www.metrolyrics.com/to-be-around-you-lyrics-mariah-carey.html
To The Floor,2005,6,http://www.metrolyrics.com/to-the-floor-lyrics-mariah-carey.html
Touch My Body,2008,71,http://www.metrolyrics.com/touch-my-body-lyrics-mariah-carey.html
Touch My Body (Remix),2008,15,http://www.metrolyrics.com/touch-my-body-remix-lyrics-mariah-carey.html
Treated Me Kind,2006,6,http://www.metrolyrics.com/treated-me-kind-lyrics-mariah-carey.html
Triumphant,2012,6,http://www.metrolyrics.com/triumphant-lyrics-mariah-carey.html
Triumphant (Get 'Em),2012,6,http://www.metrolyrics.com/triumphant-get-em-lyrics-mariah-carey.html
Twister,2006,6,http://www.metrolyrics.com/twister-lyrics-mariah-carey.html
Underneath The Stars,2012,22,http://www.metrolyrics.com/underneath-the-stars-lyrics-mariah-carey.html
Up Out My Face,2009,26,http://www.metrolyrics.com/up-out-my-face-lyrics-mariah-carey.html
Up Out My Face Remix,2010,6,http://www.metrolyrics.com/up-out-my-face-remix-lyrics-mariah-carey.html
Vanishing,2012,9,http://www.metrolyrics.com/vanishing-lyrics-mariah-carey.html
Vision Of Love,2009,52,http://www.metrolyrics.com/vision-of-love-lyrics-mariah-carey.html
Visions Of Love,2006,6,http://www.metrolyrics.com/visions-of-love-lyrics-mariah-carey.html
Vocal Virtuoso,2013,6,http://www.metrolyrics.com/vocal-virtuoso-lyrics-mariah-carey.html
Vulnerability (interlude),2006,6,http://www.metrolyrics.com/vulnerability-interlude-lyrics-mariah-carey.html
Want You,2006,6,http://www.metrolyrics.com/want-you-lyrics-mariah-carey.html
Warrior Spirit,2013,6,http://www.metrolyrics.com/warrior-spirit-lyrics-mariah-carey.html
We Belong Together,2005,100,http://www.metrolyrics.com/we-belong-together-lyrics-mariah-carey.html
We Belong Together (remix),2006,9,http://www.metrolyrics.com/we-belong-together-remix-lyrics-mariah-carey.html
Weakness Of The Body,2008,6,http://www.metrolyrics.com/weakness-of-the-body-lyrics-mariah-carey.html
When Christmas Comes,2010,6,http://www.metrolyrics.com/when-christmas-comes-lyrics-mariah-carey.html
When Do The Bells Ring For Me,2011,6,http://www.metrolyrics.com/when-do-the-bells-ring-for-me-lyrics-mariah-carey.html
When I Saw You,2006,28,http://www.metrolyrics.com/when-i-saw-you-lyrics-mariah-carey.html
When You Believe,2009,81,http://www.metrolyrics.com/when-you-believe-lyrics-mariah-carey.html
When You Believe (from,2006,15,http://www.metrolyrics.com/when-you-believe-from-lyrics-mariah-carey.html
When You Believe (from The Prince Of Egypt),2012,53,http://www.metrolyrics.com/when-you-believe-from-the-prince-of-egypt-lyrics-mariah-carey.html
When You Belive,2006,6,http://www.metrolyrics.com/when-you-belive-lyrics-mariah-carey.html
Whenever You Call,2006,44,http://www.metrolyrics.com/whenever-you-call-lyrics-mariah-carey.html
Whenever You Call (with Brian Mcknight),2006,59,http://www.metrolyrics.com/whenever-you-call-with-brian-mcknight-lyrics-mariah-carey.html
Why You Mad,2015,6,http://www.metrolyrics.com/why-you-mad-lyrics-mariah-carey.html
Why You Mad (Infinity Remix),2015,6,http://www.metrolyrics.com/why-you-mad-infinity-remix-lyrics-mariah-carey.html
With You,2018,6,http://www.metrolyrics.com/with-you-lyrics-mariah-carey.html
With You I'm Born Again,2014,6,http://www.metrolyrics.com/with-you-im-born-again-lyrics-mariah-carey.html
Without You,2009,59,http://www.metrolyrics.com/without-you-lyrics-mariah-carey.html
X-girlfriend,2006,15,http://www.metrolyrics.com/xgirlfriend-lyrics-mariah-carey.html
You Are My Heart And Soul!,2007,9,http://www.metrolyrics.com/you-are-my-heart-and-soul-lyrics-mariah-carey.html
You Don't Know What to Do,2014,28,http://www.metrolyrics.com/you-dont-know-what-to-do-lyrics-mariah-carey.html
You Got Me,2006,19,http://www.metrolyrics.com/you-got-me-lyrics-mariah-carey.html
You Had Your Chance,2006,19,http://www.metrolyrics.com/you-had-your-chance-lyrics-mariah-carey.html
You Need Me,2006,6,http://www.metrolyrics.com/you-need-me-lyrics-mariah-carey.html
You Will Alway Be My Baby,2012,6,http://www.metrolyrics.com/you-will-alway-be-my-baby-lyrics-mariah-carey.html
You're Mine,2013,38,http://www.metrolyrics.com/youre-mine-lyrics-mariah-carey.html
You're Mine (Eternal),2014,6,http://www.metrolyrics.com/youre-mine-eternal-lyrics-mariah-carey.html
You're Mine (Eternal) (Remix),2014,6,http://www.metrolyrics.com/youre-mine-eternal-remix-lyrics-mariah-carey.html
You're So Cold,2006,6,http://www.metrolyrics.com/youre-so-cold-lyrics-mariah-carey.html
Your Girl,2005,6,http://www.metrolyrics.com/your-girl-lyrics-mariah-carey.html
Yours,2006,6,http://www.metrolyrics.com/yours-lyrics-mariah-carey.html
